{
    "rmse": 0.6866695644879627,
    "mae": 0.5340501877786232,
    "r2": 0.25750715450113115
}