{
    "rmse": 0.664408726844374,
    "mae": 0.5251548051182913,
    "r2": 0.2864043306307458
}